Index,RegionSubregionCountryArea,Notes,CountryCode,ISO3AlphaCode,LocationTypeCode,LocationTypeName,SubregionCode,SubregionName,RegionCode,RegionName,MoreDevelopedRegions,LessDevelopedRegions,LeastDevelopedCountries,LessDevelopedRegionsExcludingLeastDevelopedCountries,HighIncomeCountries,MiddleIncomeCountries,UpperMiddleIncomeCountries,LowerMiddleIncomeCountries,LowIncomeCountries,Sub-SaharanAfrica,HIV/AIDS mortality modelling in WPP 2017 revision,"with a population of less than 90,000 by mid-2017"
1,WORLD,,900,   ,0,Special groupings,,,,,,,,,,,,,,,,
2,More developed regions,a,901,   ,5,Development group,,,,,,,,,,,,,,,,
3,Less developed regions,b,902,   ,5,Development group,,,,,,,,,,,,,,,,
4,Least developed countries,c,941,   ,5,Development group,,,,,,,,,,,,,,,,
5,"Less developed regions, excluding least developed countries",d,934,   ,5,Development group,,,,,,,,,,,,,,,,
6,"Less developed regions, excluding China",,948,   ,12,Special groupings,,,,,,,,,,,,,,,,
7,High-income countries,e,1503,   ,13,Income group,,,,,,,,,,,,,,,,
8,Middle-income countries,e,1517,   ,13,Income group,,,,,,,,,,,,,,,,
9,Upper-middle-income countries,e,1502,   ,13,Income group,,,,,,,,,,,,,,,,
10,Lower-middle-income countries,e,1501,   ,13,Income group,,,,,,,,,,,,,,,,
11,Low-income countries,e,1500,   ,13,Income group,,,,,,,,,,,,,,,,
12,Sub-Saharan Africa,f,947,   ,12,Special groupings,,,,,,,,,,,,,,,,
13,AFRICA,,903,   ,2,Region,,,,,,,,,,,,,,,,
14,Eastern Africa,,910,   ,3,Subregion,,,   903,Africa,,,,,,,,,,,,
15,Burundi,,108,BDI,4,Country/Area,   910,Eastern Africa,   903,Africa,No,Yes,Yes,No,No,No,No,No,Yes,Yes,No,No
16,Comoros,,174,COM,4,Country/Area,   910,Eastern Africa,   903,Africa,No,Yes,Yes,No,No,No,No,No,Yes,Yes,No,No
17,Djibouti,,262,DJI,4,Country/Area,   910,Eastern Africa,   903,Africa,No,Yes,Yes,No,No,Yes,No,Yes,No,Yes,No,No
18,Eritrea,,232,ERI,4,Country/Area,   910,Eastern Africa,   903,Africa,No,Yes,Yes,No,No,No,No,No,Yes,Yes,No,No
19,Ethiopia,,231,ETH,4,Country/Area,   910,Eastern Africa,   903,Africa,No,Yes,Yes,No,No,No,No,No,Yes,Yes,No,No
20,Kenya,,404,KEN,4,Country/Area,   910,Eastern Africa,   903,Africa,No,Yes,No,Yes,No,Yes,No,Yes,No,Yes,Yes,No
21,Madagascar,,450,MDG,4,Country/Area,   910,Eastern Africa,   903,Africa,No,Yes,Yes,No,No,No,No,No,Yes,Yes,No,No
22,Malawi,,454,MWI,4,Country/Area,   910,Eastern Africa,   903,Africa,No,Yes,Yes,No,No,No,No,No,Yes,Yes,Yes,No
23,Mauritius,1,480,MUS,4,Country/Area,   910,Eastern Africa,   903,Africa,No,Yes,No,Yes,No,Yes,Yes,No,No,Yes,No,No
24,Mayotte,,175,MYT,4,Country/Area,   910,Eastern Africa,   903,Africa,No,Yes,No,Yes,Not available,Not available,Not available,Not available,Not available,Yes,No,No
25,Mozambique,,508,MOZ,4,Country/Area,   910,Eastern Africa,   903,Africa,No,Yes,Yes,No,No,No,No,No,Yes,Yes,Yes,No
26,Réunion,,638,REU,4,Country/Area,   910,Eastern Africa,   903,Africa,No,Yes,No,Yes,Not available,Not available,Not available,Not available,Not available,Yes,No,No
27,Rwanda,,646,RWA,4,Country/Area,   910,Eastern Africa,   903,Africa,No,Yes,Yes,No,No,No,No,No,Yes,Yes,Yes,No
28,Seychelles,,690,SYC,4,Country/Area,   910,Eastern Africa,   903,Africa,No,Yes,No,Yes,Yes,No,No,No,No,Yes,No,No
29,Somalia,,706,SOM,4,Country/Area,   910,Eastern Africa,   903,Africa,No,Yes,Yes,No,No,No,No,No,Yes,Yes,No,No
30,South Sudan,,728,SSD,4,Country/Area,   910,Eastern Africa,   903,Africa,No,Yes,Yes,No,No,No,No,No,Yes,Yes,No,No
31,Uganda,,800,UGA,4,Country/Area,   910,Eastern Africa,   903,Africa,No,Yes,Yes,No,No,No,No,No,Yes,Yes,Yes,No
32,United Republic of Tanzania,2,834,TZA,4,Country/Area,   910,Eastern Africa,   903,Africa,No,Yes,Yes,No,No,No,No,No,Yes,Yes,Yes,No
33,Zambia,,894,ZMB,4,Country/Area,   910,Eastern Africa,   903,Africa,No,Yes,Yes,No,No,Yes,No,Yes,No,Yes,Yes,No
34,Zimbabwe,,716,ZWE,4,Country/Area,   910,Eastern Africa,   903,Africa,No,Yes,No,Yes,No,No,No,No,Yes,Yes,Yes,No
35,Middle Africa,,911,   ,3,Subregion,,,   903,Africa,,,,,,,,,,,,
36,Angola,,24,AGO,4,Country/Area,   911,Middle Africa,   903,Africa,No,Yes,Yes,No,No,Yes,No,Yes,No,Yes,No,No
37,Cameroon,,120,CMR,4,Country/Area,   911,Middle Africa,   903,Africa,No,Yes,No,Yes,No,Yes,No,Yes,No,Yes,Yes,No
38,Central African Republic,,140,CAF,4,Country/Area,   911,Middle Africa,   903,Africa,No,Yes,Yes,No,No,No,No,No,Yes,Yes,Yes,No
39,Chad,,148,TCD,4,Country/Area,   911,Middle Africa,   903,Africa,No,Yes,Yes,No,No,No,No,No,Yes,Yes,No,No
40,Congo,,178,COG,4,Country/Area,   911,Middle Africa,   903,Africa,No,Yes,No,Yes,No,Yes,No,Yes,No,Yes,Yes,No
41,Democratic Republic of the Congo,,180,COD,4,Country/Area,   911,Middle Africa,   903,Africa,No,Yes,Yes,No,No,No,No,No,Yes,Yes,No,No
42,Equatorial Guinea,,226,GNQ,4,Country/Area,   911,Middle Africa,   903,Africa,No,Yes,No,Yes,No,Yes,Yes,No,No,Yes,Yes,No
43,Gabon,,266,GAB,4,Country/Area,   911,Middle Africa,   903,Africa,No,Yes,No,Yes,No,Yes,Yes,No,No,Yes,Yes,No
44,Sao Tome and Principe,,678,STP,4,Country/Area,   911,Middle Africa,   903,Africa,No,Yes,Yes,No,No,Yes,No,Yes,No,Yes,No,No
45,Northern Africa,,912,   ,3,Subregion,,,   903,Africa,,,,,,,,,,,,
46,Algeria,,12,DZA,4,Country/Area,   912,Northern Africa,   903,Africa,No,Yes,No,Yes,No,Yes,Yes,No,No,No,No,No
47,Egypt,,818,EGY,4,Country/Area,   912,Northern Africa,   903,Africa,No,Yes,No,Yes,No,Yes,No,Yes,No,No,No,No
48,Libya,,434,LBY,4,Country/Area,   912,Northern Africa,   903,Africa,No,Yes,No,Yes,No,Yes,Yes,No,No,No,No,No
49,Morocco,,504,MAR,4,Country/Area,   912,Northern Africa,   903,Africa,No,Yes,No,Yes,No,Yes,No,Yes,No,No,No,No
50,Sudan,,729,SDN,4,Country/Area,   912,Northern Africa,   903,Africa,No,Yes,Yes,No,No,Yes,No,Yes,No,No,No,No
51,Tunisia,,788,TUN,4,Country/Area,   912,Northern Africa,   903,Africa,No,Yes,No,Yes,No,Yes,No,Yes,No,No,No,No
52,Western Sahara,,732,ESH,4,Country/Area,   912,Northern Africa,   903,Africa,No,Yes,No,Yes,Not available,Not available,Not available,Not available,Not available,No,No,No
53,Southern Africa,,913,   ,3,Subregion,,,   903,Africa,,,,,,,,,,,,
54,Botswana,,72,BWA,4,Country/Area,   913,Southern Africa,   903,Africa,No,Yes,No,Yes,No,Yes,Yes,No,No,Yes,Yes,No
55,Lesotho,,426,LSO,4,Country/Area,   913,Southern Africa,   903,Africa,No,Yes,Yes,No,No,Yes,No,Yes,No,Yes,Yes,No
56,Namibia,,516,NAM,4,Country/Area,   913,Southern Africa,   903,Africa,No,Yes,No,Yes,No,Yes,Yes,No,No,Yes,Yes,No
57,South Africa,,710,ZAF,4,Country/Area,   913,Southern Africa,   903,Africa,No,Yes,No,Yes,No,Yes,Yes,No,No,Yes,Yes,No
58,Swaziland,,748,SWZ,4,Country/Area,   913,Southern Africa,   903,Africa,No,Yes,No,Yes,No,Yes,No,Yes,No,Yes,Yes,No
59,Western Africa,,914,   ,3,Subregion,,,   903,Africa,,,,,,,,,,,,
60,Benin,,204,BEN,4,Country/Area,   914,Western Africa,   903,Africa,No,Yes,Yes,No,No,No,No,No,Yes,Yes,No,No
61,Burkina Faso,,854,BFA,4,Country/Area,   914,Western Africa,   903,Africa,No,Yes,Yes,No,No,No,No,No,Yes,Yes,No,No
62,Cabo Verde,,132,CPV,4,Country/Area,   914,Western Africa,   903,Africa,No,Yes,No,Yes,No,Yes,No,Yes,No,Yes,No,No
63,Côte d'Ivoire,,384,CIV,4,Country/Area,   914,Western Africa,   903,Africa,No,Yes,No,Yes,No,Yes,No,Yes,No,Yes,No,No
64,Gambia,,270,GMB,4,Country/Area,   914,Western Africa,   903,Africa,No,Yes,Yes,No,No,No,No,No,Yes,Yes,No,No
65,Ghana,,288,GHA,4,Country/Area,   914,Western Africa,   903,Africa,No,Yes,No,Yes,No,Yes,No,Yes,No,Yes,No,No
66,Guinea,,324,GIN,4,Country/Area,   914,Western Africa,   903,Africa,No,Yes,Yes,No,No,No,No,No,Yes,Yes,No,No
67,Guinea-Bissau,,624,GNB,4,Country/Area,   914,Western Africa,   903,Africa,No,Yes,Yes,No,No,No,No,No,Yes,Yes,No,No
68,Liberia,,430,LBR,4,Country/Area,   914,Western Africa,   903,Africa,No,Yes,Yes,No,No,No,No,No,Yes,Yes,No,No
69,Mali,,466,MLI,4,Country/Area,   914,Western Africa,   903,Africa,No,Yes,Yes,No,No,No,No,No,Yes,Yes,No,No
70,Mauritania,,478,MRT,4,Country/Area,   914,Western Africa,   903,Africa,No,Yes,Yes,No,No,Yes,No,Yes,No,Yes,No,No
71,Niger,,562,NER,4,Country/Area,   914,Western Africa,   903,Africa,No,Yes,Yes,No,No,No,No,No,Yes,Yes,No,No
72,Nigeria,,566,NGA,4,Country/Area,   914,Western Africa,   903,Africa,No,Yes,No,Yes,No,Yes,No,Yes,No,Yes,No,No
73,Saint Helena,3,654,SHN,4,Country/Area,   914,Western Africa,   903,Africa,No,Yes,No,Yes,Not available,Not available,Not available,Not available,Not available,Yes,No,Yes
74,Senegal,,686,SEN,4,Country/Area,   914,Western Africa,   903,Africa,No,Yes,Yes,No,No,No,No,No,Yes,Yes,No,No
75,Sierra Leone,,694,SLE,4,Country/Area,   914,Western Africa,   903,Africa,No,Yes,Yes,No,No,No,No,No,Yes,Yes,No,No
76,Togo,,768,TGO,4,Country/Area,   914,Western Africa,   903,Africa,No,Yes,Yes,No,No,No,No,No,Yes,Yes,No,No
77,ASIA,,935,   ,2,Region,,,,,,,,,,,,,,,,
78,Eastern Asia,,906,   ,3,Subregion,,,   935,Asia,,,,,,,,,,,,
79,China,4,156,CHN,4,Country/Area,   906,Eastern Asia,   935,Asia,No,Yes,No,Yes,No,Yes,Yes,No,No,No,No,No
80,"China, Hong Kong SAR",5,344,HKG,4,Country/Area,   906,Eastern Asia,   935,Asia,No,Yes,No,Yes,Yes,No,No,No,No,No,No,No
81,"China, Macao SAR",6,446,MAC,4,Country/Area,   906,Eastern Asia,   935,Asia,No,Yes,No,Yes,Yes,No,No,No,No,No,No,No
82,"China, Taiwan Province of China",,158,TWN,4,Country/Area,   906,Eastern Asia,   935,Asia,No,Yes,No,Yes,Yes,No,No,No,No,No,No,No
83,Dem. People's Republic of Korea,,408,PRK,4,Country/Area,   906,Eastern Asia,   935,Asia,No,Yes,No,Yes,No,No,No,No,Yes,No,No,No
84,Japan,,392,JPN,4,Country/Area,   906,Eastern Asia,   935,Asia,Yes,No,No,No,Yes,No,No,No,No,No,No,No
85,Mongolia,,496,MNG,4,Country/Area,   906,Eastern Asia,   935,Asia,No,Yes,No,Yes,No,Yes,No,Yes,No,No,No,No
86,Republic of Korea,,410,KOR,4,Country/Area,   906,Eastern Asia,   935,Asia,No,Yes,No,Yes,Yes,No,No,No,No,No,No,No
87,South-Central Asia,7,921,   ,3,Subregion,,,   935,Asia,,,,,,,,,,,,
88,Central Asia,,5500,   ,3,Subregion,   921,South-Central Asia,   935,Asia,,,,,,,,,,,,
89,Kazakhstan,,398,KAZ,4,Country/Area,  5 500,Central Asia,   935,Asia,No,Yes,No,Yes,No,Yes,Yes,No,No,No,No,No
90,Kyrgyzstan,,417,KGZ,4,Country/Area,  5 500,Central Asia,   935,Asia,No,Yes,No,Yes,No,Yes,No,Yes,No,No,No,No
91,Tajikistan,,762,TJK,4,Country/Area,  5 500,Central Asia,   935,Asia,No,Yes,No,Yes,No,Yes,No,Yes,No,No,No,No
92,Turkmenistan,,795,TKM,4,Country/Area,  5 500,Central Asia,   935,Asia,No,Yes,No,Yes,No,Yes,Yes,No,No,No,No,No
93,Uzbekistan,,860,UZB,4,Country/Area,  5 500,Central Asia,   935,Asia,No,Yes,No,Yes,No,Yes,No,Yes,No,No,No,No
94,Southern Asia,,5501,   ,3,Subregion,   921,South-Central Asia,   935,Asia,,,,,,,,,,,,
95,Afghanistan,,4,AFG,4,Country/Area,  5 501,Southern Asia,   935,Asia,No,Yes,Yes,No,No,No,No,No,Yes,No,No,No
96,Bangladesh,,50,BGD,4,Country/Area,  5 501,Southern Asia,   935,Asia,No,Yes,Yes,No,No,Yes,No,Yes,No,No,No,No
97,Bhutan,,64,BTN,4,Country/Area,  5 501,Southern Asia,   935,Asia,No,Yes,Yes,No,No,Yes,No,Yes,No,No,No,No
98,India,,356,IND,4,Country/Area,  5 501,Southern Asia,   935,Asia,No,Yes,No,Yes,No,Yes,No,Yes,No,No,No,No
99,Iran (Islamic Republic of),,364,IRN,4,Country/Area,  5 501,Southern Asia,   935,Asia,No,Yes,No,Yes,No,Yes,Yes,No,No,No,No,No
100,Maldives,,462,MDV,4,Country/Area,  5 501,Southern Asia,   935,Asia,No,Yes,No,Yes,No,Yes,Yes,No,No,No,No,No
101,Nepal,,524,NPL,4,Country/Area,  5 501,Southern Asia,   935,Asia,No,Yes,Yes,No,No,No,No,No,Yes,No,No,No
102,Pakistan,,586,PAK,4,Country/Area,  5 501,Southern Asia,   935,Asia,No,Yes,No,Yes,No,Yes,No,Yes,No,No,No,No
103,Sri Lanka,,144,LKA,4,Country/Area,  5 501,Southern Asia,   935,Asia,No,Yes,No,Yes,No,Yes,No,Yes,No,No,No,No
104,South-Eastern Asia,,920,   ,3,Subregion,,,   935,Asia,,,,,,,,,,,,
105,Brunei Darussalam,,96,BRN,4,Country/Area,   920,South-Eastern Asia,   935,Asia,No,Yes,No,Yes,Yes,No,No,No,No,No,No,No
106,Cambodia,,116,KHM,4,Country/Area,   920,South-Eastern Asia,   935,Asia,No,Yes,Yes,No,No,Yes,No,Yes,No,No,No,No
107,Indonesia,,360,IDN,4,Country/Area,   920,South-Eastern Asia,   935,Asia,No,Yes,No,Yes,No,Yes,No,Yes,No,No,No,No
108,Lao People's Democratic Republic,,418,LAO,4,Country/Area,   920,South-Eastern Asia,   935,Asia,No,Yes,Yes,No,No,Yes,No,Yes,No,No,No,No
109,Malaysia,8,458,MYS,4,Country/Area,   920,South-Eastern Asia,   935,Asia,No,Yes,No,Yes,No,Yes,Yes,No,No,No,No,No
110,Myanmar,,104,MMR,4,Country/Area,   920,South-Eastern Asia,   935,Asia,No,Yes,Yes,No,No,Yes,No,Yes,No,No,No,No
111,Philippines,,608,PHL,4,Country/Area,   920,South-Eastern Asia,   935,Asia,No,Yes,No,Yes,No,Yes,No,Yes,No,No,No,No
112,Singapore,,702,SGP,4,Country/Area,   920,South-Eastern Asia,   935,Asia,No,Yes,No,Yes,Yes,No,No,No,No,No,No,No
113,Thailand,,764,THA,4,Country/Area,   920,South-Eastern Asia,   935,Asia,No,Yes,No,Yes,No,Yes,Yes,No,No,No,No,No
114,Timor-Leste,,626,TLS,4,Country/Area,   920,South-Eastern Asia,   935,Asia,No,Yes,Yes,No,No,Yes,No,Yes,No,No,No,No
115,Viet Nam,,704,VNM,4,Country/Area,   920,South-Eastern Asia,   935,Asia,No,Yes,No,Yes,No,Yes,No,Yes,No,No,No,No
116,Western Asia,,922,   ,3,Subregion,,,   935,Asia,,,,,,,,,,,,
117,Armenia,,51,ARM,4,Country/Area,   922,Western Asia,   935,Asia,No,Yes,No,Yes,No,Yes,No,Yes,No,No,No,No
118,Azerbaijan,9,31,AZE,4,Country/Area,   922,Western Asia,   935,Asia,No,Yes,No,Yes,No,Yes,Yes,No,No,No,No,No
119,Bahrain,,48,BHR,4,Country/Area,   922,Western Asia,   935,Asia,No,Yes,No,Yes,Yes,No,No,No,No,No,No,No
120,Cyprus,10,196,CYP,4,Country/Area,   922,Western Asia,   935,Asia,No,Yes,No,Yes,Yes,No,No,No,No,No,No,No
121,Georgia,11,268,GEO,4,Country/Area,   922,Western Asia,   935,Asia,No,Yes,No,Yes,No,Yes,No,Yes,No,No,No,No
122,Iraq,,368,IRQ,4,Country/Area,   922,Western Asia,   935,Asia,No,Yes,No,Yes,No,Yes,Yes,No,No,No,No,No
123,Israel,,376,ISR,4,Country/Area,   922,Western Asia,   935,Asia,No,Yes,No,Yes,Yes,No,No,No,No,No,No,No
124,Jordan,,400,JOR,4,Country/Area,   922,Western Asia,   935,Asia,No,Yes,No,Yes,No,Yes,No,Yes,No,No,No,No
125,Kuwait,,414,KWT,4,Country/Area,   922,Western Asia,   935,Asia,No,Yes,No,Yes,Yes,No,No,No,No,No,No,No
126,Lebanon,,422,LBN,4,Country/Area,   922,Western Asia,   935,Asia,No,Yes,No,Yes,No,Yes,Yes,No,No,No,No,No
127,Oman,,512,OMN,4,Country/Area,   922,Western Asia,   935,Asia,No,Yes,No,Yes,Yes,No,No,No,No,No,No,No
128,Qatar,,634,QAT,4,Country/Area,   922,Western Asia,   935,Asia,No,Yes,No,Yes,Yes,No,No,No,No,No,No,No
129,Saudi Arabia,,682,SAU,4,Country/Area,   922,Western Asia,   935,Asia,No,Yes,No,Yes,Yes,No,No,No,No,No,No,No
130,State of Palestine,12,275,PSE,4,Country/Area,   922,Western Asia,   935,Asia,No,Yes,No,Yes,No,Yes,No,Yes,No,No,No,No
131,Syrian Arab Republic,,760,SYR,4,Country/Area,   922,Western Asia,   935,Asia,No,Yes,No,Yes,No,Yes,No,Yes,No,No,No,No
132,Turkey,,792,TUR,4,Country/Area,   922,Western Asia,   935,Asia,No,Yes,No,Yes,No,Yes,Yes,No,No,No,No,No
133,United Arab Emirates,,784,ARE,4,Country/Area,   922,Western Asia,   935,Asia,No,Yes,No,Yes,Yes,No,No,No,No,No,No,No
134,Yemen,,887,YEM,4,Country/Area,   922,Western Asia,   935,Asia,No,Yes,Yes,No,No,Yes,No,Yes,No,No,No,No
135,EUROPE,,908,   ,2,Region,,,,,,,,,,,,,,,,
136,Eastern Europe,,923,   ,3,Subregion,,,   908,Europe,,,,,,,,,,,,
137,Belarus,,112,BLR,4,Country/Area,   923,Eastern Europe,   908,Europe,Yes,No,No,No,No,Yes,Yes,No,No,No,No,No
138,Bulgaria,,100,BGR,4,Country/Area,   923,Eastern Europe,   908,Europe,Yes,No,No,No,No,Yes,Yes,No,No,No,No,No
139,Czechia,,203,CZE,4,Country/Area,   923,Eastern Europe,   908,Europe,Yes,No,No,No,Yes,No,No,No,No,No,No,No
140,Hungary,,348,HUN,4,Country/Area,   923,Eastern Europe,   908,Europe,Yes,No,No,No,Yes,No,No,No,No,No,No,No
141,Poland,,616,POL,4,Country/Area,   923,Eastern Europe,   908,Europe,Yes,No,No,No,Yes,No,No,No,No,No,No,No
142,Republic of Moldova,13,498,MDA,4,Country/Area,   923,Eastern Europe,   908,Europe,Yes,No,No,No,No,Yes,No,Yes,No,No,No,No
143,Romania,,642,ROU,4,Country/Area,   923,Eastern Europe,   908,Europe,Yes,No,No,No,No,Yes,Yes,No,No,No,No,No
144,Russian Federation,,643,RUS,4,Country/Area,   923,Eastern Europe,   908,Europe,Yes,No,No,No,No,Yes,Yes,No,No,No,No,No
145,Slovakia,,703,SVK,4,Country/Area,   923,Eastern Europe,   908,Europe,Yes,No,No,No,Yes,No,No,No,No,No,No,No
146,Ukraine,14,804,UKR,4,Country/Area,   923,Eastern Europe,   908,Europe,Yes,No,No,No,No,Yes,No,Yes,No,No,No,No
147,Northern Europe,,924,   ,3,Subregion,,,   908,Europe,,,,,,,,,,,,
148,Channel Islands,15,830,CHI,4,Country/Area,   924,Northern Europe,   908,Europe,Yes,No,No,No,Yes,No,No,No,No,No,No,No
149,Denmark,,208,DNK,4,Country/Area,   924,Northern Europe,   908,Europe,Yes,No,No,No,Yes,No,No,No,No,No,No,No
150,Estonia,,233,EST,4,Country/Area,   924,Northern Europe,   908,Europe,Yes,No,No,No,Yes,No,No,No,No,No,No,No
151,Faeroe Islands,,234,FRO,4,Country/Area,   924,Northern Europe,   908,Europe,Yes,No,No,No,Yes,No,No,No,No,No,No,Yes
152,Finland,16,246,FIN,4,Country/Area,   924,Northern Europe,   908,Europe,Yes,No,No,No,Yes,No,No,No,No,No,No,No
153,Iceland,,352,ISL,4,Country/Area,   924,Northern Europe,   908,Europe,Yes,No,No,No,Yes,No,No,No,No,No,No,No
154,Ireland,,372,IRL,4,Country/Area,   924,Northern Europe,   908,Europe,Yes,No,No,No,Yes,No,No,No,No,No,No,No
155,Isle of Man,,833,IMN,4,Country/Area,   924,Northern Europe,   908,Europe,Yes,No,No,No,Yes,No,No,No,No,No,No,Yes
156,Latvia,,428,LVA,4,Country/Area,   924,Northern Europe,   908,Europe,Yes,No,No,No,Yes,No,No,No,No,No,No,No
157,Lithuania,,440,LTU,4,Country/Area,   924,Northern Europe,   908,Europe,Yes,No,No,No,Yes,No,No,No,No,No,No,No
158,Norway,17,578,NOR,4,Country/Area,   924,Northern Europe,   908,Europe,Yes,No,No,No,Yes,No,No,No,No,No,No,No
159,Sweden,,752,SWE,4,Country/Area,   924,Northern Europe,   908,Europe,Yes,No,No,No,Yes,No,No,No,No,No,No,No
160,United Kingdom,,826,GBR,4,Country/Area,   924,Northern Europe,   908,Europe,Yes,No,No,No,Yes,No,No,No,No,No,No,No
161,Southern Europe,,925,   ,3,Subregion,,,   908,Europe,,,,,,,,,,,,
162,Albania,,8,ALB,4,Country/Area,   925,Southern Europe,   908,Europe,Yes,No,No,No,No,Yes,Yes,No,No,No,No,No
163,Andorra,,20,AND,4,Country/Area,   925,Southern Europe,   908,Europe,Yes,No,No,No,Yes,No,No,No,No,No,No,Yes
164,Bosnia and Herzegovina,,70,BIH,4,Country/Area,   925,Southern Europe,   908,Europe,Yes,No,No,No,No,Yes,Yes,No,No,No,No,No
165,Croatia,,191,HRV,4,Country/Area,   925,Southern Europe,   908,Europe,Yes,No,No,No,No,Yes,Yes,No,No,No,No,No
166,Gibraltar,,292,GIB,4,Country/Area,   925,Southern Europe,   908,Europe,Yes,No,No,No,Yes,No,No,No,No,No,No,Yes
167,Greece,,300,GRC,4,Country/Area,   925,Southern Europe,   908,Europe,Yes,No,No,No,Yes,No,No,No,No,No,No,No
168,Holy See,18,336,VAT,4,Country/Area,   925,Southern Europe,   908,Europe,Yes,No,No,No,Not available,Not available,Not available,Not available,Not available,No,No,Yes
169,Italy,,380,ITA,4,Country/Area,   925,Southern Europe,   908,Europe,Yes,No,No,No,Yes,No,No,No,No,No,No,No
170,Malta,,470,MLT,4,Country/Area,   925,Southern Europe,   908,Europe,Yes,No,No,No,Yes,No,No,No,No,No,No,No
171,Montenegro,,499,MNE,4,Country/Area,   925,Southern Europe,   908,Europe,Yes,No,No,No,No,Yes,Yes,No,No,No,No,No
172,Portugal,,620,PRT,4,Country/Area,   925,Southern Europe,   908,Europe,Yes,No,No,No,Yes,No,No,No,No,No,No,No
173,San Marino,,674,SMR,4,Country/Area,   925,Southern Europe,   908,Europe,Yes,No,No,No,Yes,No,No,No,No,No,No,Yes
174,Serbia,19,688,SRB,4,Country/Area,   925,Southern Europe,   908,Europe,Yes,No,No,No,No,Yes,Yes,No,No,No,No,No
175,Slovenia,,705,SVN,4,Country/Area,   925,Southern Europe,   908,Europe,Yes,No,No,No,Yes,No,No,No,No,No,No,No
176,Spain,20,724,ESP,4,Country/Area,   925,Southern Europe,   908,Europe,Yes,No,No,No,Yes,No,No,No,No,No,No,No
177,TFYR Macedonia,21,807,MKD,4,Country/Area,   925,Southern Europe,   908,Europe,Yes,No,No,No,No,Yes,Yes,No,No,No,No,No
178,Western Europe,,926,   ,3,Subregion,,,   908,Europe,,,,,,,,,,,,
179,Austria,,40,AUT,4,Country/Area,   926,Western Europe,   908,Europe,Yes,No,No,No,Yes,No,No,No,No,No,No,No
180,Belgium,,56,BEL,4,Country/Area,   926,Western Europe,   908,Europe,Yes,No,No,No,Yes,No,No,No,No,No,No,No
181,France,,250,FRA,4,Country/Area,   926,Western Europe,   908,Europe,Yes,No,No,No,Yes,No,No,No,No,No,No,No
182,Germany,,276,DEU,4,Country/Area,   926,Western Europe,   908,Europe,Yes,No,No,No,Yes,No,No,No,No,No,No,No
183,Liechtenstein,,438,LIE,4,Country/Area,   926,Western Europe,   908,Europe,Yes,No,No,No,Yes,No,No,No,No,No,No,Yes
184,Luxembourg,,442,LUX,4,Country/Area,   926,Western Europe,   908,Europe,Yes,No,No,No,Yes,No,No,No,No,No,No,No
185,Monaco,,492,MCO,4,Country/Area,   926,Western Europe,   908,Europe,Yes,No,No,No,Yes,No,No,No,No,No,No,Yes
186,Netherlands,,528,NLD,4,Country/Area,   926,Western Europe,   908,Europe,Yes,No,No,No,Yes,No,No,No,No,No,No,No
187,Switzerland,,756,CHE,4,Country/Area,   926,Western Europe,   908,Europe,Yes,No,No,No,Yes,No,No,No,No,No,No,No
188,LATIN AMERICA AND THE CARIBBEAN,,904,   ,2,Region,,,,,,,,,,,,,,,,
189,Caribbean,,915,   ,3,Subregion,,,   904,Latin America and the Caribbean,,,,,,,,,,,,
190,Anguilla,,660,AIA,4,Country/Area,   915,Caribbean,   904,Latin America and the Caribbean,No,Yes,No,Yes,Not available,Not available,Not available,Not available,Not available,No,No,Yes
191,Antigua and Barbuda,,28,ATG,4,Country/Area,   915,Caribbean,   904,Latin America and the Caribbean,No,Yes,No,Yes,Yes,No,No,No,No,No,No,No
192,Aruba,,533,ABW,4,Country/Area,   915,Caribbean,   904,Latin America and the Caribbean,No,Yes,No,Yes,Yes,No,No,No,No,No,No,No
193,Bahamas,,44,BHS,4,Country/Area,   915,Caribbean,   904,Latin America and the Caribbean,No,Yes,No,Yes,Yes,No,No,No,No,No,No,No
194,Barbados,,52,BRB,4,Country/Area,   915,Caribbean,   904,Latin America and the Caribbean,No,Yes,No,Yes,Yes,No,No,No,No,No,No,No
195,British Virgin Islands,,92,VGB,4,Country/Area,   915,Caribbean,   904,Latin America and the Caribbean,No,Yes,No,Yes,Yes,No,No,No,No,No,No,Yes
196,Caribbean Netherlands,22,535,BES,4,Country/Area,   915,Caribbean,   904,Latin America and the Caribbean,No,Yes,No,Yes,Not available,Not available,Not available,Not available,Not available,No,No,Yes
197,Cayman Islands,,136,CYM,4,Country/Area,   915,Caribbean,   904,Latin America and the Caribbean,No,Yes,No,Yes,Yes,No,No,No,No,No,No,Yes
198,Cuba,,192,CUB,4,Country/Area,   915,Caribbean,   904,Latin America and the Caribbean,No,Yes,No,Yes,No,Yes,Yes,No,No,No,No,No
199,Curaçao,,531,CUW,4,Country/Area,   915,Caribbean,   904,Latin America and the Caribbean,No,Yes,No,Yes,Yes,No,No,No,No,No,No,No
200,Dominica,,212,DMA,4,Country/Area,   915,Caribbean,   904,Latin America and the Caribbean,No,Yes,No,Yes,No,Yes,Yes,No,No,No,No,Yes
201,Dominican Republic,,214,DOM,4,Country/Area,   915,Caribbean,   904,Latin America and the Caribbean,No,Yes,No,Yes,No,Yes,Yes,No,No,No,No,No
202,Grenada,,308,GRD,4,Country/Area,   915,Caribbean,   904,Latin America and the Caribbean,No,Yes,No,Yes,No,Yes,Yes,No,No,No,No,No
203,Guadeloupe,23,312,GLP,4,Country/Area,   915,Caribbean,   904,Latin America and the Caribbean,No,Yes,No,Yes,Not available,Not available,Not available,Not available,Not available,No,No,No
204,Haiti,,332,HTI,4,Country/Area,   915,Caribbean,   904,Latin America and the Caribbean,No,Yes,Yes,No,No,No,No,No,Yes,No,No,No
205,Jamaica,,388,JAM,4,Country/Area,   915,Caribbean,   904,Latin America and the Caribbean,No,Yes,No,Yes,No,Yes,Yes,No,No,No,No,No
206,Martinique,,474,MTQ,4,Country/Area,   915,Caribbean,   904,Latin America and the Caribbean,No,Yes,No,Yes,Not available,Not available,Not available,Not available,Not available,No,No,No
207,Montserrat,,500,MSR,4,Country/Area,   915,Caribbean,   904,Latin America and the Caribbean,No,Yes,No,Yes,Not available,Not available,Not available,Not available,Not available,No,No,Yes
208,Puerto Rico,,630,PRI,4,Country/Area,   915,Caribbean,   904,Latin America and the Caribbean,No,Yes,No,Yes,Yes,No,No,No,No,No,No,No
209,Saint Kitts and Nevis,,659,KNA,4,Country/Area,   915,Caribbean,   904,Latin America and the Caribbean,No,Yes,No,Yes,Yes,No,No,No,No,No,No,Yes
210,Saint Lucia,,662,LCA,4,Country/Area,   915,Caribbean,   904,Latin America and the Caribbean,No,Yes,No,Yes,No,Yes,Yes,No,No,No,No,No
211,Saint Vincent and the Grenadines,,670,VCT,4,Country/Area,   915,Caribbean,   904,Latin America and the Caribbean,No,Yes,No,Yes,No,Yes,Yes,No,No,No,No,No
212,Sint Maarten (Dutch part),,534,SXM,4,Country/Area,   915,Caribbean,   904,Latin America and the Caribbean,No,Yes,No,Yes,Yes,No,No,No,No,No,No,Yes
213,Trinidad and Tobago,,780,TTO,4,Country/Area,   915,Caribbean,   904,Latin America and the Caribbean,No,Yes,No,Yes,Yes,No,No,No,No,No,No,No
214,Turks and Caicos Islands,,796,TCA,4,Country/Area,   915,Caribbean,   904,Latin America and the Caribbean,No,Yes,No,Yes,Yes,No,No,No,No,No,No,Yes
215,United States Virgin Islands,,850,VIR,4,Country/Area,   915,Caribbean,   904,Latin America and the Caribbean,No,Yes,No,Yes,Yes,No,No,No,No,No,No,No
216,Central America,,916,   ,3,Subregion,,,   904,Latin America and the Caribbean,,,,,,,,,,,,
217,Belize,,84,BLZ,4,Country/Area,   916,Central America,   904,Latin America and the Caribbean,No,Yes,No,Yes,No,Yes,Yes,No,No,No,No,No
218,Costa Rica,,188,CRI,4,Country/Area,   916,Central America,   904,Latin America and the Caribbean,No,Yes,No,Yes,No,Yes,Yes,No,No,No,No,No
219,El Salvador,,222,SLV,4,Country/Area,   916,Central America,   904,Latin America and the Caribbean,No,Yes,No,Yes,No,Yes,No,Yes,No,No,No,No
220,Guatemala,,320,GTM,4,Country/Area,   916,Central America,   904,Latin America and the Caribbean,No,Yes,No,Yes,No,Yes,No,Yes,No,No,No,No
221,Honduras,,340,HND,4,Country/Area,   916,Central America,   904,Latin America and the Caribbean,No,Yes,No,Yes,No,Yes,No,Yes,No,No,No,No
222,Mexico,,484,MEX,4,Country/Area,   916,Central America,   904,Latin America and the Caribbean,No,Yes,No,Yes,No,Yes,Yes,No,No,No,No,No
223,Nicaragua,,558,NIC,4,Country/Area,   916,Central America,   904,Latin America and the Caribbean,No,Yes,No,Yes,No,Yes,No,Yes,No,No,No,No
224,Panama,,591,PAN,4,Country/Area,   916,Central America,   904,Latin America and the Caribbean,No,Yes,No,Yes,No,Yes,Yes,No,No,No,No,No
225,South America,,931,   ,3,Subregion,,,   904,Latin America and the Caribbean,,,,,,,,,,,,
226,Argentina,,32,ARG,4,Country/Area,   931,South America,   904,Latin America and the Caribbean,No,Yes,No,Yes,No,Yes,Yes,No,No,No,No,No
227,Bolivia (Plurinational State of),,68,BOL,4,Country/Area,   931,South America,   904,Latin America and the Caribbean,No,Yes,No,Yes,No,Yes,No,Yes,No,No,No,No
228,Brazil,,76,BRA,4,Country/Area,   931,South America,   904,Latin America and the Caribbean,No,Yes,No,Yes,No,Yes,Yes,No,No,No,No,No
229,Chile,,152,CHL,4,Country/Area,   931,South America,   904,Latin America and the Caribbean,No,Yes,No,Yes,Yes,No,No,No,No,No,No,No
230,Colombia,,170,COL,4,Country/Area,   931,South America,   904,Latin America and the Caribbean,No,Yes,No,Yes,No,Yes,Yes,No,No,No,No,No
231,Ecuador,,218,ECU,4,Country/Area,   931,South America,   904,Latin America and the Caribbean,No,Yes,No,Yes,No,Yes,Yes,No,No,No,No,No
232,Falkland Islands (Malvinas),24,238,FLK,4,Country/Area,   931,South America,   904,Latin America and the Caribbean,No,Yes,No,Yes,Not available,Not available,Not available,Not available,Not available,No,No,Yes
233,French Guiana,,254,GUF,4,Country/Area,   931,South America,   904,Latin America and the Caribbean,No,Yes,No,Yes,Not available,Not available,Not available,Not available,Not available,No,No,No
234,Guyana,,328,GUY,4,Country/Area,   931,South America,   904,Latin America and the Caribbean,No,Yes,No,Yes,No,Yes,Yes,No,No,No,No,No
235,Paraguay,,600,PRY,4,Country/Area,   931,South America,   904,Latin America and the Caribbean,No,Yes,No,Yes,No,Yes,Yes,No,No,No,No,No
236,Peru,,604,PER,4,Country/Area,   931,South America,   904,Latin America and the Caribbean,No,Yes,No,Yes,No,Yes,Yes,No,No,No,No,No
237,Suriname,,740,SUR,4,Country/Area,   931,South America,   904,Latin America and the Caribbean,No,Yes,No,Yes,No,Yes,Yes,No,No,No,No,No
238,Uruguay,,858,URY,4,Country/Area,   931,South America,   904,Latin America and the Caribbean,No,Yes,No,Yes,Yes,No,No,No,No,No,No,No
239,Venezuela (Bolivarian Republic of),,862,VEN,4,Country/Area,   931,South America,   904,Latin America and the Caribbean,No,Yes,No,Yes,No,Yes,Yes,No,No,No,No,No
240,NORTHERN AMERICA,,905,   ,2,Region,,,,,,,,,,,,,,,,
241,Bermuda,,60,BMU,4,Country/Area,,,   905,Northern America,Yes,No,No,No,Yes,No,No,No,No,No,No,Yes
242,Canada,,124,CAN,4,Country/Area,,,   905,Northern America,Yes,No,No,No,Yes,No,No,No,No,No,No,No
243,Greenland,,304,GRL,4,Country/Area,,,   905,Northern America,Yes,No,No,No,Yes,No,No,No,No,No,No,Yes
244,Saint Pierre and Miquelon,,666,SPM,4,Country/Area,,,   905,Northern America,Yes,No,No,No,Not available,Not available,Not available,Not available,Not available,No,No,Yes
245,United States of America,,840,USA,4,Country/Area,,,   905,Northern America,Yes,No,No,No,Yes,No,No,No,No,No,No,No
246,OCEANIA,,909,   ,2,Region,,,,,,,,,,,,,,,,
247,Australia/New Zealand,,927,   ,3,Subregion,,,   909,Oceania,,,,,,,,,,,,
248,Australia,25,36,AUS,4,Country/Area,   927,Australia/New Zealand,   909,Oceania,Yes,No,No,No,Yes,No,No,No,No,No,No,No
249,New Zealand,,554,NZL,4,Country/Area,   927,Australia/New Zealand,   909,Oceania,Yes,No,No,No,Yes,No,No,No,No,No,No,No
250,Melanesia,,928,   ,3,Subregion,,,   909,Oceania,,,,,,,,,,,,
251,Fiji,,242,FJI,4,Country/Area,   928,Melanesia,   909,Oceania,No,Yes,No,Yes,No,Yes,Yes,No,No,No,No,No
252,New Caledonia,,540,NCL,4,Country/Area,   928,Melanesia,   909,Oceania,No,Yes,No,Yes,Yes,No,No,No,No,No,No,No
253,Papua New Guinea,,598,PNG,4,Country/Area,   928,Melanesia,   909,Oceania,No,Yes,No,Yes,No,Yes,No,Yes,No,No,No,No
254,Solomon Islands,,90,SLB,4,Country/Area,   928,Melanesia,   909,Oceania,No,Yes,Yes,No,No,Yes,No,Yes,No,No,No,No
255,Vanuatu,,548,VUT,4,Country/Area,   928,Melanesia,   909,Oceania,No,Yes,Yes,No,No,Yes,No,Yes,No,No,No,No
256,Micronesia,,954,   ,3,Subregion,,,   909,Oceania,,,,,,,,,,,,
257,Guam,,316,GUM,4,Country/Area,   954,Micronesia,   909,Oceania,No,Yes,No,Yes,Yes,No,No,No,No,No,No,No
258,Kiribati,,296,KIR,4,Country/Area,   954,Micronesia,   909,Oceania,No,Yes,Yes,No,No,Yes,No,Yes,No,No,No,No
259,Marshall Islands,,584,MHL,4,Country/Area,   954,Micronesia,   909,Oceania,No,Yes,No,Yes,No,Yes,Yes,No,No,No,No,Yes
260,Micronesia (Fed. States of),,583,FSM,4,Country/Area,   954,Micronesia,   909,Oceania,No,Yes,No,Yes,No,Yes,No,Yes,No,No,No,No
261,Nauru,,520,NRU,4,Country/Area,   954,Micronesia,   909,Oceania,No,Yes,No,Yes,No,Yes,Yes,No,No,No,No,Yes
262,Northern Mariana Islands,,580,MNP,4,Country/Area,   954,Micronesia,   909,Oceania,No,Yes,No,Yes,Yes,No,No,No,No,No,No,Yes
263,Palau,,585,PLW,4,Country/Area,   954,Micronesia,   909,Oceania,No,Yes,No,Yes,Yes,No,No,No,No,No,No,Yes
264,Polynesia,26,957,   ,3,Subregion,,,   909,Oceania,,,,,,,,,,,,
265,American Samoa,,16,ASM,4,Country/Area,   957,Polynesia,   909,Oceania,No,Yes,No,Yes,No,Yes,Yes,No,No,No,No,Yes
266,Cook Islands,,184,COK,4,Country/Area,   957,Polynesia,   909,Oceania,No,Yes,No,Yes,Not available,Not available,Not available,Not available,Not available,No,No,Yes
267,French Polynesia,,258,PYF,4,Country/Area,   957,Polynesia,   909,Oceania,No,Yes,No,Yes,Yes,No,No,No,No,No,No,No
268,Niue,,570,NIU,4,Country/Area,   957,Polynesia,   909,Oceania,No,Yes,No,Yes,Not available,Not available,Not available,Not available,Not available,No,No,Yes
269,Samoa,,882,WSM,4,Country/Area,   957,Polynesia,   909,Oceania,No,Yes,No,Yes,No,Yes,Yes,No,No,No,No,No
270,Tokelau,,772,TKL,4,Country/Area,   957,Polynesia,   909,Oceania,No,Yes,No,Yes,Not available,Not available,Not available,Not available,Not available,No,No,Yes
271,Tonga,,776,TON,4,Country/Area,   957,Polynesia,   909,Oceania,No,Yes,No,Yes,No,Yes,Yes,No,No,No,No,No
272,Tuvalu,,798,TUV,4,Country/Area,   957,Polynesia,   909,Oceania,No,Yes,Yes,No,No,Yes,Yes,No,No,No,No,Yes
273,Wallis and Futuna Islands,,876,WLF,4,Country/Area,   957,Polynesia,   909,Oceania,No,Yes,No,Yes,Not available,Not available,Not available,Not available,Not available,No,No,Yes
,,,,,,,,,,,,,,,,,,,,,,
,,,,,,,,,,,,,,,,,,,,,,
,,,,,,,,,,,,,,,,,,,,,,
,,,,,,,,,,,,,,,,,,,,,,
,,,,,,,,,,,,,,,,,,,,,,
,,,,,,,,,,,,,,,,,,,,,,